[{"model": "contenttypes.contenttype", "pk": 1, "fields": {"app_label": "admin", "model": "logentry"}}, {"model": "contenttypes.contenttype", "pk": 2, "fields": {"app_label": "auth", "model": "permission"}}, {"model": "contenttypes.contenttype", "pk": 3, "fields": {"app_label": "auth", "model": "group"}}, {"model": "contenttypes.contenttype", "pk": 4, "fields": {"app_label": "auth", "model": "user"}}, {"model": "contenttypes.contenttype", "pk": 5, "fields": {"app_label": "contenttypes", "model": "contenttype"}}, {"model": "contenttypes.contenttype", "pk": 6, "fields": {"app_label": "sessions", "model": "session"}}, {"model": "contenttypes.contenttype", "pk": 7, "fields": {"app_label": "Juego", "model": "pregunta"}}, {"model": "contenttypes.contenttype", "pk": 8, "fields": {"app_label": "Juego", "model": "seleccionarrespuesta"}}, {"model": "contenttypes.contenttype", "pk": 9, "fields": {"app_label": "Juego", "model": "usuariojuego"}}, {"model": "contenttypes.contenttype", "pk": 10, "fields": {"app_label": "Juego", "model": "preguntasrespondidas"}}, {"model": "sessions.session", "pk": "085q8mflvu26maepsei7erija0prqkfc", "fields": {"session_data": "NDkzNmJjNTI0ODFlM2EzNWFkYTEwM2FhZGJiMWU3OTg0NmFjMWM0MDp7Il9hdXRoX3VzZXJfaWQiOiIzIiwiX2F1dGhfdXNlcl9iYWNrZW5kIjoiZGphbmdvLmNvbnRyaWIuYXV0aC5iYWNrZW5kcy5Nb2RlbEJhY2tlbmQiLCJfYXV0aF91c2VyX2hhc2giOiI4NTBhNTIyZGUwNDIwY2I2YzhlYmVkYTVlNTdjMjE2MmRmNDVkOTYxIn0=", "expire_date": "2021-09-11T19:29:38.343Z"}}, {"model": "sessions.session", "pk": "6bj1r6v9pmnk35ynjurs236tow4uzugo", "fields": {"session_data": "MzY3ZTE4ZTczYWJjN2ZkNDQ4NzM2YzJlNGRjOTYxYjJjZTc1OTkyZjp7Il9hdXRoX3VzZXJfaWQiOiIxIiwiX2F1dGhfdXNlcl9iYWNrZW5kIjoiZGphbmdvLmNvbnRyaWIuYXV0aC5iYWNrZW5kcy5Nb2RlbEJhY2tlbmQiLCJfYXV0aF91c2VyX2hhc2giOiJmNGQxZTMwYjE0YzkyNjA2MDBkZDkxOTFjMTdkN2VkNDcyZWQwZWE3In0=", "expire_date": "2021-09-11T19:29:59.359Z"}}, {"model": "sessions.session", "pk": "8k8n38k5d8ttrx8svgg2e9zkc79owi88", "fields": {"session_data": "MzY3ZTE4ZTczYWJjN2ZkNDQ4NzM2YzJlNGRjOTYxYjJjZTc1OTkyZjp7Il9hdXRoX3VzZXJfaWQiOiIxIiwiX2F1dGhfdXNlcl9iYWNrZW5kIjoiZGphbmdvLmNvbnRyaWIuYXV0aC5iYWNrZW5kcy5Nb2RlbEJhY2tlbmQiLCJfYXV0aF91c2VyX2hhc2giOiJmNGQxZTMwYjE0YzkyNjA2MDBkZDkxOTFjMTdkN2VkNDcyZWQwZWE3In0=", "expire_date": "2021-09-11T19:29:56.133Z"}}, {"model": "sessions.session", "pk": "zv3cuyntij9qhi7muqu5dqzfp2ufk6tj", "fields": {"session_data": "NDkzNmJjNTI0ODFlM2EzNWFkYTEwM2FhZGJiMWU3OTg0NmFjMWM0MDp7Il9hdXRoX3VzZXJfaWQiOiIzIiwiX2F1dGhfdXNlcl9iYWNrZW5kIjoiZGphbmdvLmNvbnRyaWIuYXV0aC5iYWNrZW5kcy5Nb2RlbEJhY2tlbmQiLCJfYXV0aF91c2VyX2hhc2giOiI4NTBhNTIyZGUwNDIwY2I2YzhlYmVkYTVlNTdjMjE2MmRmNDVkOTYxIn0=", "expire_date": "2021-09-11T19:29:41.984Z"}}, {"model": "Juego.pregunta", "pk": 4, "fields": {"texto": "Resistencia es conocida como:", "max_puntaje": "3.00"}}, {"model": "Juego.pregunta", "pk": 5, "fields": {"texto": "\u00bfCu\u00e1ntas esculturas hay en Resistencia?", "max_puntaje": "3.00"}}, {"model": "Juego.pregunta", "pk": 6, "fields": {"texto": "Campo del Cielo: Patrimonio Cultural y Tur\u00edstico del Chaco, \u00bfD\u00f3nde se ubica?", "max_puntaje": "3.00"}}, {"model": "Juego.pregunta", "pk": 7, "fields": {"texto": "Al norte el l\u00edmite natural establecido entre la Provincia de Chaco y Formosa es:", "max_puntaje": "3.00"}}, {"model": "Juego.pregunta", "pk": 8, "fields": {"texto": "Al sur, el l\u00edmite establecido entre la Provincia del Chaco y Santa Fe es:", "max_puntaje": "3.00"}}, {"model": "Juego.pregunta", "pk": 9, "fields": {"texto": "En el \u00e1mbito automovil\u00edstico deportivo Chaco tiene un exponente a nivel nacional e\r\ninternacional, \u00bfQui\u00e9n es?", "max_puntaje": "3.00"}}, {"model": "Juego.pregunta", "pk": 10, "fields": {"texto": "En el \u00e1mbito de los juegos ol\u00edmpicos, el Chaco tiene un medallista en:", "max_puntaje": "3.00"}}, {"model": "Juego.pregunta", "pk": 11, "fields": {"texto": "Marcela G\u00f3mez, chaque\u00f1a, particip\u00f3 en los Juegos Ol\u00edmpicos de Tokio en:", "max_puntaje": "3.00"}}, {"model": "Juego.pregunta", "pk": 12, "fields": {"texto": "La palabra Chac\u00fa del cual deriva el nombre de nuestra provincia, ten\u00eda un\r\nsignificado \u00bfCu\u00e1l era?", "max_puntaje": "3.00"}}, {"model": "Juego.pregunta", "pk": 13, "fields": {"texto": "La superficie total de la provincia del Chaco es de:", "max_puntaje": "3.00"}}, {"model": "Juego.pregunta", "pk": 14, "fields": {"texto": "Un escritor reconocido en el \u00e1mbito chaque\u00f1o recibi\u00f3 el Premio Pionero de la Letras\r\nChaque\u00f1as, otorgado por la provincia del Chaco y la SADE local en 1985. \u00bfQui\u00e9n fue?", "max_puntaje": "3.00"}}, {"model": "Juego.pregunta", "pk": 15, "fields": {"texto": "En la bandera del Chaco hay un arado rodeado de 25 estrellas \u00bfQu\u00e9 representan?", "max_puntaje": "3.00"}}, {"model": "Juego.pregunta", "pk": 16, "fields": {"texto": "La producci\u00f3n destacada chaque\u00f1a que perdura en la memoria y porla cual se la\r\nreconoce a la provincia fue:", "max_puntaje": "3.00"}}, {"model": "Juego.pregunta", "pk": 17, "fields": {"texto": "El Puente General Belgrano que une las provincias de Chaco y Corrientes se termin\u00f3\r\nde construir en:", "max_puntaje": "3.00"}}, {"model": "Juego.pregunta", "pk": 18, "fields": {"texto": "\u00bfQui\u00e9n fue el primer gobernador de la Provincia del Chaco?", "max_puntaje": "3.00"}}, {"model": "Juego.pregunta", "pk": 19, "fields": {"texto": "La llegada de los inmigrantes se dio a ra\u00edz", "max_puntaje": "3.00"}}, {"model": "Juego.pregunta", "pk": 20, "fields": {"texto": "\u00bfCu\u00e1ntas rutas nacionales recorren la provincia?", "max_puntaje": "3.00"}}, {"model": "Juego.pregunta", "pk": 21, "fields": {"texto": "\u00bfQu\u00e9 Parques Nacionales existen en el Chaco?", "max_puntaje": "3.00"}}, {"model": "Juego.pregunta", "pk": 22, "fields": {"texto": "La Fiesta Nacional del Algod\u00f3n se desarrolla en:", "max_puntaje": "3.00"}}, {"model": "Juego.pregunta", "pk": 23, "fields": {"texto": "En el municipio de Colonia Ben\u00edtez se encuentra", "max_puntaje": "3.00"}}, {"model": "Juego.seleccionarrespuesta", "pk": 10, "fields": {"pregunta": 4, "correcta": true, "desarrollo": "La ciudad de las esculturas"}}, {"model": "Juego.seleccionarrespuesta", "pk": 11, "fields": {"pregunta": 4, "correcta": false, "desarrollo": "Ciudad Museo"}}, {"model": "Juego.seleccionarrespuesta", "pk": 12, "fields": {"pregunta": 4, "correcta": false, "desarrollo": "Ciudad Capital"}}, {"model": "Juego.seleccionarrespuesta", "pk": 13, "fields": {"pregunta": 5, "correcta": false, "desarrollo": "200"}}, {"model": "Juego.seleccionarrespuesta", "pk": 14, "fields": {"pregunta": 5, "correcta": false, "desarrollo": "700"}}, {"model": "Juego.seleccionarrespuesta", "pk": 15, "fields": {"pregunta": 5, "correcta": true, "desarrollo": "600"}}, {"model": "Juego.seleccionarrespuesta", "pk": 16, "fields": {"pregunta": 6, "correcta": false, "desarrollo": "Maip\u00fa"}}, {"model": "Juego.seleccionarrespuesta", "pk": 17, "fields": {"pregunta": 6, "correcta": false, "desarrollo": "Bermejo"}}, {"model": "Juego.seleccionarrespuesta", "pk": 18, "fields": {"pregunta": 6, "correcta": true, "desarrollo": "12 de Octubre"}}, {"model": "Juego.seleccionarrespuesta", "pk": 19, "fields": {"pregunta": 7, "correcta": false, "desarrollo": "Pilcomayo"}}, {"model": "Juego.seleccionarrespuesta", "pk": 20, "fields": {"pregunta": 7, "correcta": false, "desarrollo": "Bermejo"}}, {"model": "Juego.seleccionarrespuesta", "pk": 21, "fields": {"pregunta": 7, "correcta": true, "desarrollo": "Paran\u00e1"}}, {"model": "Juego.seleccionarrespuesta", "pk": 22, "fields": {"pregunta": 8, "correcta": true, "desarrollo": "Paralelo 28"}}, {"model": "Juego.seleccionarrespuesta", "pk": 23, "fields": {"pregunta": 8, "correcta": false, "desarrollo": "Paralelo 30"}}, {"model": "Juego.seleccionarrespuesta", "pk": 24, "fields": {"pregunta": 8, "correcta": false, "desarrollo": "Paralelo 29"}}, {"model": "Juego.seleccionarrespuesta", "pk": 25, "fields": {"pregunta": 9, "correcta": true, "desarrollo": "Juan Manuel Silva"}}, {"model": "Juego.seleccionarrespuesta", "pk": 26, "fields": {"pregunta": 9, "correcta": false, "desarrollo": "Giorgio Carrara"}}, {"model": "Juego.seleccionarrespuesta", "pk": 27, "fields": {"pregunta": 9, "correcta": false, "desarrollo": "Marcos Siebert"}}, {"model": "Juego.seleccionarrespuesta", "pk": 28, "fields": {"pregunta": 10, "correcta": true, "desarrollo": "B\u00e1squet"}}, {"model": "Juego.seleccionarrespuesta", "pk": 29, "fields": {"pregunta": 10, "correcta": false, "desarrollo": "Futbol"}}, {"model": "Juego.seleccionarrespuesta", "pk": 30, "fields": {"pregunta": 10, "correcta": false, "desarrollo": "Jockey"}}, {"model": "Juego.seleccionarrespuesta", "pk": 31, "fields": {"pregunta": 11, "correcta": false, "desarrollo": "Nataci\u00f3n"}}, {"model": "Juego.seleccionarrespuesta", "pk": 32, "fields": {"pregunta": 11, "correcta": false, "desarrollo": "Remo"}}, {"model": "Juego.seleccionarrespuesta", "pk": 33, "fields": {"pregunta": 11, "correcta": true, "desarrollo": "Atletismo"}}, {"model": "Juego.seleccionarrespuesta", "pk": 34, "fields": {"pregunta": 12, "correcta": true, "desarrollo": "Caza comunal de animales"}}, {"model": "Juego.seleccionarrespuesta", "pk": 35, "fields": {"pregunta": 12, "correcta": false, "desarrollo": "Nombre de un arbol que abunda en la regi\u00f3n"}}, {"model": "Juego.seleccionarrespuesta", "pk": 36, "fields": {"pregunta": 12, "correcta": false, "desarrollo": "Nombre de un animal"}}, {"model": "Juego.seleccionarrespuesta", "pk": 37, "fields": {"pregunta": 13, "correcta": true, "desarrollo": "99.633 Km\u00b2"}}, {"model": "Juego.seleccionarrespuesta", "pk": 38, "fields": {"pregunta": 13, "correcta": false, "desarrollo": "32.565 Km\u00b2"}}, {"model": "Juego.seleccionarrespuesta", "pk": 39, "fields": {"pregunta": 13, "correcta": false, "desarrollo": "29.900 Km\u00b2"}}, {"model": "Juego.seleccionarrespuesta", "pk": 40, "fields": {"pregunta": 14, "correcta": false, "desarrollo": "Tony Zalazar"}}, {"model": "Juego.seleccionarrespuesta", "pk": 41, "fields": {"pregunta": 14, "correcta": true, "desarrollo": "Aledo Luis Meloni"}}, {"model": "Juego.seleccionarrespuesta", "pk": 42, "fields": {"pregunta": 14, "correcta": false, "desarrollo": "Tet\u00e9 Romero"}}, {"model": "Juego.seleccionarrespuesta", "pk": 43, "fields": {"pregunta": 15, "correcta": true, "desarrollo": "Los departamentos provinciales"}}, {"model": "Juego.seleccionarrespuesta", "pk": 44, "fields": {"pregunta": 15, "correcta": false, "desarrollo": "Las ciudades principales"}}, {"model": "Juego.seleccionarrespuesta", "pk": 45, "fields": {"pregunta": 15, "correcta": false, "desarrollo": "Grandes personas que forjaron el Chaco"}}, {"model": "Juego.seleccionarrespuesta", "pk": 46, "fields": {"pregunta": 16, "correcta": true, "desarrollo": "Ca\u00f1a de azucar"}}, {"model": "Juego.seleccionarrespuesta", "pk": 47, "fields": {"pregunta": 16, "correcta": false, "desarrollo": "Algod\u00f3n"}}, {"model": "Juego.seleccionarrespuesta", "pk": 48, "fields": {"pregunta": 16, "correcta": false, "desarrollo": "Tanino"}}, {"model": "Juego.seleccionarrespuesta", "pk": 49, "fields": {"pregunta": 17, "correcta": false, "desarrollo": "1973"}}, {"model": "Juego.seleccionarrespuesta", "pk": 50, "fields": {"pregunta": 17, "correcta": true, "desarrollo": "1974"}}, {"model": "Juego.seleccionarrespuesta", "pk": 51, "fields": {"pregunta": 17, "correcta": false, "desarrollo": "1976"}}, {"model": "Juego.seleccionarrespuesta", "pk": 52, "fields": {"pregunta": 18, "correcta": true, "desarrollo": "Felipe Gallardo"}}, {"model": "Juego.seleccionarrespuesta", "pk": 53, "fields": {"pregunta": 18, "correcta": false, "desarrollo": "Danilo Baroni"}}, {"model": "Juego.seleccionarrespuesta", "pk": 54, "fields": {"pregunta": 18, "correcta": false, "desarrollo": "Deolindo Bittel"}}, {"model": "Juego.seleccionarrespuesta", "pk": 55, "fields": {"pregunta": 19, "correcta": true, "desarrollo": "Ley Avellaneda sancionada en 1876"}}, {"model": "Juego.seleccionarrespuesta", "pk": 56, "fields": {"pregunta": 19, "correcta": false, "desarrollo": "Ley 28 de Bartolom\u00e9 Mitre"}}, {"model": "Juego.seleccionarrespuesta", "pk": 57, "fields": {"pregunta": 19, "correcta": false, "desarrollo": "Ley 576 de 1872"}}, {"model": "Juego.seleccionarrespuesta", "pk": 58, "fields": {"pregunta": 20, "correcta": false, "desarrollo": "5"}}, {"model": "Juego.seleccionarrespuesta", "pk": 59, "fields": {"pregunta": 20, "correcta": false, "desarrollo": "4"}}, {"model": "Juego.seleccionarrespuesta", "pk": 60, "fields": {"pregunta": 20, "correcta": true, "desarrollo": "3"}}, {"model": "Juego.seleccionarrespuesta", "pk": 61, "fields": {"pregunta": 21, "correcta": true, "desarrollo": "Parque Nacional Chaco"}}, {"model": "Juego.seleccionarrespuesta", "pk": 62, "fields": {"pregunta": 21, "correcta": false, "desarrollo": "Parque Nacional El Impenetrable"}}, {"model": "Juego.seleccionarrespuesta", "pk": 63, "fields": {"pregunta": 21, "correcta": false, "desarrollo": "Parque Nacional Iber\u00e1"}}, {"model": "Juego.seleccionarrespuesta", "pk": 64, "fields": {"pregunta": 22, "correcta": false, "desarrollo": "Charata"}}, {"model": "Juego.seleccionarrespuesta", "pk": 65, "fields": {"pregunta": 22, "correcta": false, "desarrollo": "Gancedo"}}, {"model": "Juego.seleccionarrespuesta", "pk": 66, "fields": {"pregunta": 22, "correcta": true, "desarrollo": "Presidencia Roque Saenz Pe\u00f1a"}}, {"model": "Juego.seleccionarrespuesta", "pk": 67, "fields": {"pregunta": 23, "correcta": true, "desarrollo": "Museo Casa y Jardin Schulz"}}, {"model": "Juego.seleccionarrespuesta", "pk": 68, "fields": {"pregunta": 23, "correcta": false, "desarrollo": "Estaci\u00f3n Experimental Agropecuaria del INTA"}}, {"model": "Juego.seleccionarrespuesta", "pk": 69, "fields": {"pregunta": 23, "correcta": false, "desarrollo": "Museo a cielo abierto"}}, {"model": "Juego.preguntasrespondidas", "pk": 69, "fields": {"userJuego": 4, "pregunta": 4, "respuesta": 10, "correcta": true, "puntaje_obtenido": "3.00"}}, {"model": "Juego.preguntasrespondidas", "pk": 70, "fields": {"userJuego": 4, "pregunta": 12, "respuesta": 34, "correcta": true, "puntaje_obtenido": "3.00"}}, {"model": "Juego.preguntasrespondidas", "pk": 71, "fields": {"userJuego": 4, "pregunta": 13, "respuesta": 39, "correcta": false, "puntaje_obtenido": "0.00"}}, {"model": "Juego.preguntasrespondidas", "pk": 72, "fields": {"userJuego": 4, "pregunta": 17, "respuesta": 50, "correcta": true, "puntaje_obtenido": "3.00"}}, {"model": "Juego.preguntasrespondidas", "pk": 73, "fields": {"userJuego": 4, "pregunta": 19, "respuesta": 55, "correcta": true, "puntaje_obtenido": "3.00"}}, {"model": "Juego.preguntasrespondidas", "pk": 74, "fields": {"userJuego": 4, "pregunta": 15, "respuesta": 45, "correcta": false, "puntaje_obtenido": "0.00"}}, {"model": "Juego.preguntasrespondidas", "pk": 75, "fields": {"userJuego": 4, "pregunta": 23, "respuesta": 68, "correcta": false, "puntaje_obtenido": "0.00"}}, {"model": "Juego.preguntasrespondidas", "pk": 76, "fields": {"userJuego": 4, "pregunta": 7, "respuesta": 19, "correcta": false, "puntaje_obtenido": "0.00"}}, {"model": "Juego.preguntasrespondidas", "pk": 77, "fields": {"userJuego": 4, "pregunta": 5, "respuesta": 15, "correcta": true, "puntaje_obtenido": "3.00"}}, {"model": "Juego.preguntasrespondidas", "pk": 78, "fields": {"userJuego": 4, "pregunta": 11, "respuesta": 33, "correcta": true, "puntaje_obtenido": "3.00"}}, {"model": "Juego.preguntasrespondidas", "pk": 79, "fields": {"userJuego": 4, "pregunta": 8, "respuesta": 22, "correcta": true, "puntaje_obtenido": "3.00"}}, {"model": "Juego.preguntasrespondidas", "pk": 80, "fields": {"userJuego": 4, "pregunta": 21, "respuesta": 63, "correcta": false, "puntaje_obtenido": "0.00"}}, {"model": "Juego.preguntasrespondidas", "pk": 81, "fields": {"userJuego": 4, "pregunta": 10, "respuesta": 28, "correcta": true, "puntaje_obtenido": "3.00"}}, {"model": "Juego.preguntasrespondidas", "pk": 82, "fields": {"userJuego": 4, "pregunta": 9, "respuesta": 25, "correcta": true, "puntaje_obtenido": "3.00"}}, {"model": "Juego.preguntasrespondidas", "pk": 83, "fields": {"userJuego": 4, "pregunta": 16, "respuesta": 48, "correcta": false, "puntaje_obtenido": "0.00"}}, {"model": "Juego.preguntasrespondidas", "pk": 84, "fields": {"userJuego": 4, "pregunta": 22, "respuesta": 66, "correcta": true, "puntaje_obtenido": "3.00"}}, {"model": "Juego.preguntasrespondidas", "pk": 85, "fields": {"userJuego": 4, "pregunta": 6, "respuesta": 16, "correcta": false, "puntaje_obtenido": "0.00"}}, {"model": "Juego.preguntasrespondidas", "pk": 86, "fields": {"userJuego": 4, "pregunta": 14, "respuesta": 41, "correcta": true, "puntaje_obtenido": "3.00"}}, {"model": "Juego.preguntasrespondidas", "pk": 87, "fields": {"userJuego": 4, "pregunta": 18, "respuesta": 52, "correcta": true, "puntaje_obtenido": "3.00"}}, {"model": "Juego.preguntasrespondidas", "pk": 88, "fields": {"userJuego": 4, "pregunta": 20, "respuesta": 59, "correcta": false, "puntaje_obtenido": "0.00"}}, {"model": "Juego.preguntasrespondidas", "pk": 89, "fields": {"userJuego": 3, "pregunta": 15, "respuesta": 43, "correcta": true, "puntaje_obtenido": "3.00"}}, {"model": "Juego.preguntasrespondidas", "pk": 90, "fields": {"userJuego": 3, "pregunta": 12, "respuesta": 34, "correcta": true, "puntaje_obtenido": "3.00"}}, {"model": "Juego.preguntasrespondidas", "pk": 91, "fields": {"userJuego": 3, "pregunta": 16, "respuesta": 48, "correcta": false, "puntaje_obtenido": "0.00"}}, {"model": "Juego.preguntasrespondidas", "pk": 92, "fields": {"userJuego": 3, "pregunta": 5, "respuesta": 15, "correcta": true, "puntaje_obtenido": "3.00"}}, {"model": "Juego.preguntasrespondidas", "pk": 93, "fields": {"userJuego": 3, "pregunta": 14, "respuesta": 40, "correcta": false, "puntaje_obtenido": "0.00"}}, {"model": "Juego.preguntasrespondidas", "pk": 94, "fields": {"userJuego": 3, "pregunta": 13, "respuesta": 39, "correcta": false, "puntaje_obtenido": "0.00"}}, {"model": "Juego.preguntasrespondidas", "pk": 95, "fields": {"userJuego": 3, "pregunta": 4, "respuesta": 10, "correcta": true, "puntaje_obtenido": "3.00"}}, {"model": "Juego.preguntasrespondidas", "pk": 96, "fields": {"userJuego": 3, "pregunta": 21, "respuesta": 62, "correcta": false, "puntaje_obtenido": "0.00"}}, {"model": "Juego.preguntasrespondidas", "pk": 97, "fields": {"userJuego": 3, "pregunta": 18, "respuesta": 52, "correcta": true, "puntaje_obtenido": "3.00"}}, {"model": "Juego.preguntasrespondidas", "pk": 98, "fields": {"userJuego": 3, "pregunta": 7, "respuesta": 20, "correcta": false, "puntaje_obtenido": "0.00"}}, {"model": "Juego.preguntasrespondidas", "pk": 99, "fields": {"userJuego": 3, "pregunta": 22, "respuesta": 66, "correcta": true, "puntaje_obtenido": "3.00"}}, {"model": "Juego.preguntasrespondidas", "pk": 100, "fields": {"userJuego": 3, "pregunta": 10, "respuesta": 28, "correcta": true, "puntaje_obtenido": "3.00"}}, {"model": "Juego.preguntasrespondidas", "pk": 101, "fields": {"userJuego": 3, "pregunta": 9, "respuesta": 26, "correcta": false, "puntaje_obtenido": "0.00"}}, {"model": "Juego.preguntasrespondidas", "pk": 102, "fields": {"userJuego": 3, "pregunta": 6, "respuesta": 18, "correcta": true, "puntaje_obtenido": "3.00"}}, {"model": "Juego.preguntasrespondidas", "pk": 103, "fields": {"userJuego": 3, "pregunta": 8, "respuesta": 22, "correcta": true, "puntaje_obtenido": "3.00"}}, {"model": "Juego.preguntasrespondidas", "pk": 104, "fields": {"userJuego": 3, "pregunta": 17, "respuesta": 49, "correcta": false, "puntaje_obtenido": "0.00"}}, {"model": "Juego.preguntasrespondidas", "pk": 105, "fields": {"userJuego": 3, "pregunta": 20, "respuesta": 60, "correcta": true, "puntaje_obtenido": "3.00"}}, {"model": "Juego.preguntasrespondidas", "pk": 106, "fields": {"userJuego": 3, "pregunta": 11, "respuesta": 31, "correcta": false, "puntaje_obtenido": "0.00"}}, {"model": "Juego.preguntasrespondidas", "pk": 107, "fields": {"userJuego": 3, "pregunta": 23, "respuesta": 67, "correcta": true, "puntaje_obtenido": "3.00"}}, {"model": "Juego.preguntasrespondidas", "pk": 108, "fields": {"userJuego": 3, "pregunta": 19, "respuesta": 55, "correcta": true, "puntaje_obtenido": "3.00"}}, {"model": "Juego.preguntasrespondidas", "pk": 109, "fields": {"userJuego": 5, "pregunta": 13, "respuesta": 37, "correcta": true, "puntaje_obtenido": "3.00"}}, {"model": "Juego.preguntasrespondidas", "pk": 110, "fields": {"userJuego": 5, "pregunta": 6, "respuesta": 18, "correcta": true, "puntaje_obtenido": "3.00"}}, {"model": "Juego.preguntasrespondidas", "pk": 111, "fields": {"userJuego": 5, "pregunta": 18, "respuesta": 52, "correcta": true, "puntaje_obtenido": "3.00"}}, {"model": "Juego.preguntasrespondidas", "pk": 112, "fields": {"userJuego": 5, "pregunta": 19, "respuesta": 55, "correcta": true, "puntaje_obtenido": "3.00"}}, {"model": "Juego.preguntasrespondidas", "pk": 113, "fields": {"userJuego": 5, "pregunta": 21, "respuesta": 61, "correcta": true, "puntaje_obtenido": "3.00"}}, {"model": "Juego.preguntasrespondidas", "pk": 114, "fields": {"userJuego": 5, "pregunta": 5, "respuesta": 15, "correcta": true, "puntaje_obtenido": "3.00"}}, {"model": "Juego.preguntasrespondidas", "pk": 115, "fields": {"userJuego": 5, "pregunta": 14, "respuesta": 40, "correcta": false, "puntaje_obtenido": "0.00"}}, {"model": "Juego.preguntasrespondidas", "pk": 116, "fields": {"userJuego": 5, "pregunta": 4, "respuesta": 10, "correcta": true, "puntaje_obtenido": "3.00"}}, {"model": "Juego.preguntasrespondidas", "pk": 117, "fields": {"userJuego": 5, "pregunta": 23, "respuesta": 69, "correcta": false, "puntaje_obtenido": "0.00"}}, {"model": "Juego.preguntasrespondidas", "pk": 118, "fields": {"userJuego": 5, "pregunta": 8, "respuesta": 22, "correcta": true, "puntaje_obtenido": "3.00"}}, {"model": "Juego.preguntasrespondidas", "pk": 119, "fields": {"userJuego": 5, "pregunta": 16, "respuesta": 47, "correcta": false, "puntaje_obtenido": "0.00"}}, {"model": "Juego.preguntasrespondidas", "pk": 120, "fields": {"userJuego": 5, "pregunta": 15, "respuesta": 43, "correcta": true, "puntaje_obtenido": "3.00"}}, {"model": "Juego.preguntasrespondidas", "pk": 121, "fields": {"userJuego": 5, "pregunta": 9, "respuesta": 25, "correcta": true, "puntaje_obtenido": "3.00"}}, {"model": "Juego.preguntasrespondidas", "pk": 122, "fields": {"userJuego": 5, "pregunta": 17, "respuesta": 50, "correcta": true, "puntaje_obtenido": "3.00"}}, {"model": "Juego.preguntasrespondidas", "pk": 123, "fields": {"userJuego": 5, "pregunta": 22, "respuesta": 66, "correcta": true, "puntaje_obtenido": "3.00"}}, {"model": "Juego.preguntasrespondidas", "pk": 124, "fields": {"userJuego": 5, "pregunta": 10, "respuesta": 28, "correcta": true, "puntaje_obtenido": "3.00"}}, {"model": "Juego.preguntasrespondidas", "pk": 125, "fields": {"userJuego": 5, "pregunta": 7, "respuesta": 20, "correcta": false, "puntaje_obtenido": "0.00"}}, {"model": "Juego.preguntasrespondidas", "pk": 126, "fields": {"userJuego": 5, "pregunta": 20, "respuesta": 60, "correcta": true, "puntaje_obtenido": "3.00"}}, {"model": "Juego.preguntasrespondidas", "pk": 127, "fields": {"userJuego": 5, "pregunta": 12, "respuesta": 34, "correcta": true, "puntaje_obtenido": "3.00"}}, {"model": "Juego.preguntasrespondidas", "pk": 128, "fields": {"userJuego": 5, "pregunta": 11, "respuesta": 33, "correcta": true, "puntaje_obtenido": "3.00"}}, {"model": "Juego.preguntasrespondidas", "pk": 129, "fields": {"userJuego": 6, "pregunta": 14, "respuesta": 41, "correcta": true, "puntaje_obtenido": "3.00"}}, {"model": "Juego.preguntasrespondidas", "pk": 130, "fields": {"userJuego": 6, "pregunta": 19, "respuesta": 55, "correcta": true, "puntaje_obtenido": "3.00"}}, {"model": "Juego.preguntasrespondidas", "pk": 131, "fields": {"userJuego": 6, "pregunta": 20, "respuesta": 60, "correcta": true, "puntaje_obtenido": "3.00"}}, {"model": "Juego.preguntasrespondidas", "pk": 132, "fields": {"userJuego": 6, "pregunta": 21, "respuesta": 61, "correcta": true, "puntaje_obtenido": "3.00"}}, {"model": "Juego.preguntasrespondidas", "pk": 133, "fields": {"userJuego": 6, "pregunta": 15, "respuesta": 43, "correcta": true, "puntaje_obtenido": "3.00"}}, {"model": "Juego.preguntasrespondidas", "pk": 134, "fields": {"userJuego": 6, "pregunta": 7, "respuesta": 21, "correcta": true, "puntaje_obtenido": "3.00"}}, {"model": "Juego.preguntasrespondidas", "pk": 135, "fields": {"userJuego": 6, "pregunta": 23, "respuesta": 67, "correcta": true, "puntaje_obtenido": "3.00"}}, {"model": "Juego.preguntasrespondidas", "pk": 136, "fields": {"userJuego": 6, "pregunta": 4, "respuesta": 12, "correcta": false, "puntaje_obtenido": "0.00"}}, {"model": "Juego.preguntasrespondidas", "pk": 137, "fields": {"userJuego": 6, "pregunta": 17, "respuesta": 50, "correcta": true, "puntaje_obtenido": "3.00"}}, {"model": "Juego.preguntasrespondidas", "pk": 138, "fields": {"userJuego": 6, "pregunta": 11, "respuesta": 31, "correcta": false, "puntaje_obtenido": "0.00"}}, {"model": "Juego.preguntasrespondidas", "pk": 139, "fields": {"userJuego": 6, "pregunta": 22, "respuesta": 65, "correcta": false, "puntaje_obtenido": "0.00"}}, {"model": "Juego.preguntasrespondidas", "pk": 140, "fields": {"userJuego": 6, "pregunta": 12, "respuesta": 34, "correcta": true, "puntaje_obtenido": "3.00"}}, {"model": "Juego.preguntasrespondidas", "pk": 141, "fields": {"userJuego": 6, "pregunta": 8, "respuesta": 22, "correcta": true, "puntaje_obtenido": "3.00"}}, {"model": "Juego.preguntasrespondidas", "pk": 142, "fields": {"userJuego": 6, "pregunta": 16, "respuesta": 47, "correcta": false, "puntaje_obtenido": "0.00"}}, {"model": "Juego.preguntasrespondidas", "pk": 143, "fields": {"userJuego": 6, "pregunta": 13, "respuesta": 37, "correcta": true, "puntaje_obtenido": "3.00"}}, {"model": "Juego.preguntasrespondidas", "pk": 144, "fields": {"userJuego": 6, "pregunta": 10, "respuesta": 28, "correcta": true, "puntaje_obtenido": "3.00"}}, {"model": "Juego.preguntasrespondidas", "pk": 145, "fields": {"userJuego": 6, "pregunta": 18, "respuesta": 52, "correcta": true, "puntaje_obtenido": "3.00"}}, {"model": "Juego.preguntasrespondidas", "pk": 146, "fields": {"userJuego": 6, "pregunta": 5, "respuesta": 15, "correcta": true, "puntaje_obtenido": "3.00"}}, {"model": "Juego.preguntasrespondidas", "pk": 147, "fields": {"userJuego": 6, "pregunta": 9, "respuesta": 25, "correcta": true, "puntaje_obtenido": "3.00"}}, {"model": "Juego.preguntasrespondidas", "pk": 148, "fields": {"userJuego": 6, "pregunta": 6, "respuesta": 18, "correcta": true, "puntaje_obtenido": "3.00"}}, {"model": "Juego.preguntasrespondidas", "pk": 149, "fields": {"userJuego": 7, "pregunta": 5, "respuesta": 15, "correcta": true, "puntaje_obtenido": "3.00"}}, {"model": "Juego.preguntasrespondidas", "pk": 150, "fields": {"userJuego": 7, "pregunta": 18, "respuesta": 52, "correcta": true, "puntaje_obtenido": "3.00"}}, {"model": "Juego.preguntasrespondidas", "pk": 151, "fields": {"userJuego": 7, "pregunta": 19, "respuesta": 56, "correcta": false, "puntaje_obtenido": "0.00"}}, {"model": "Juego.preguntasrespondidas", "pk": 152, "fields": {"userJuego": 7, "pregunta": 17, "respuesta": 50, "correcta": true, "puntaje_obtenido": "3.00"}}, {"model": "Juego.preguntasrespondidas", "pk": 153, "fields": {"userJuego": 7, "pregunta": 11, "respuesta": 33, "correcta": true, "puntaje_obtenido": "3.00"}}, {"model": "Juego.preguntasrespondidas", "pk": 154, "fields": {"userJuego": 7, "pregunta": 16, "respuesta": 48, "correcta": false, "puntaje_obtenido": "0.00"}}, {"model": "Juego.preguntasrespondidas", "pk": 155, "fields": {"userJuego": 7, "pregunta": 7, "respuesta": 21, "correcta": true, "puntaje_obtenido": "3.00"}}, {"model": "Juego.preguntasrespondidas", "pk": 156, "fields": {"userJuego": 7, "pregunta": 12, "respuesta": 36, "correcta": false, "puntaje_obtenido": "0.00"}}, {"model": "Juego.preguntasrespondidas", "pk": 157, "fields": {"userJuego": 7, "pregunta": 8, "respuesta": 24, "correcta": false, "puntaje_obtenido": "0.00"}}, {"model": "Juego.preguntasrespondidas", "pk": 158, "fields": {"userJuego": 7, "pregunta": 15, "respuesta": 45, "correcta": false, "puntaje_obtenido": "0.00"}}, {"model": "Juego.preguntasrespondidas", "pk": 159, "fields": {"userJuego": 7, "pregunta": 20, "respuesta": 60, "correcta": true, "puntaje_obtenido": "3.00"}}, {"model": "Juego.preguntasrespondidas", "pk": 160, "fields": {"userJuego": 7, "pregunta": 13, "respuesta": 39, "correcta": false, "puntaje_obtenido": "0.00"}}, {"model": "Juego.preguntasrespondidas", "pk": 161, "fields": {"userJuego": 7, "pregunta": 14, "respuesta": 42, "correcta": false, "puntaje_obtenido": "0.00"}}, {"model": "Juego.preguntasrespondidas", "pk": 162, "fields": {"userJuego": 7, "pregunta": 6, "respuesta": 18, "correcta": true, "puntaje_obtenido": "3.00"}}, {"model": "Juego.preguntasrespondidas", "pk": 163, "fields": {"userJuego": 7, "pregunta": 21, "respuesta": 63, "correcta": false, "puntaje_obtenido": "0.00"}}, {"model": "Juego.preguntasrespondidas", "pk": 164, "fields": {"userJuego": 7, "pregunta": 10, "respuesta": 30, "correcta": false, "puntaje_obtenido": "0.00"}}, {"model": "Juego.preguntasrespondidas", "pk": 165, "fields": {"userJuego": 7, "pregunta": 23, "respuesta": 69, "correcta": false, "puntaje_obtenido": "0.00"}}, {"model": "Juego.preguntasrespondidas", "pk": 166, "fields": {"userJuego": 7, "pregunta": 9, "respuesta": 27, "correcta": false, "puntaje_obtenido": "0.00"}}, {"model": "Juego.preguntasrespondidas", "pk": 167, "fields": {"userJuego": 7, "pregunta": 4, "respuesta": 12, "correcta": false, "puntaje_obtenido": "0.00"}}, {"model": "Juego.preguntasrespondidas", "pk": 168, "fields": {"userJuego": 7, "pregunta": 22, "respuesta": 66, "correcta": true, "puntaje_obtenido": "3.00"}}, {"model": "auth.permission", "pk": 1, "fields": {"name": "Can add log entry", "content_type": 1, "codename": "add_logentry"}}, {"model": "auth.permission", "pk": 2, "fields": {"name": "Can change log entry", "content_type": 1, "codename": "change_logentry"}}, {"model": "auth.permission", "pk": 3, "fields": {"name": "Can delete log entry", "content_type": 1, "codename": "delete_logentry"}}, {"model": "auth.permission", "pk": 4, "fields": {"name": "Can view log entry", "content_type": 1, "codename": "view_logentry"}}, {"model": "auth.permission", "pk": 5, "fields": {"name": "Can add permission", "content_type": 2, "codename": "add_permission"}}, {"model": "auth.permission", "pk": 6, "fields": {"name": "Can change permission", "content_type": 2, "codename": "change_permission"}}, {"model": "auth.permission", "pk": 7, "fields": {"name": "Can delete permission", "content_type": 2, "codename": "delete_permission"}}, {"model": "auth.permission", "pk": 8, "fields": {"name": "Can view permission", "content_type": 2, "codename": "view_permission"}}, {"model": "auth.permission", "pk": 9, "fields": {"name": "Can add group", "content_type": 3, "codename": "add_group"}}, {"model": "auth.permission", "pk": 10, "fields": {"name": "Can change group", "content_type": 3, "codename": "change_group"}}, {"model": "auth.permission", "pk": 11, "fields": {"name": "Can delete group", "content_type": 3, "codename": "delete_group"}}, {"model": "auth.permission", "pk": 12, "fields": {"name": "Can view group", "content_type": 3, "codename": "view_group"}}, {"model": "auth.permission", "pk": 13, "fields": {"name": "Can add user", "content_type": 4, "codename": "add_user"}}, {"model": "auth.permission", "pk": 14, "fields": {"name": "Can change user", "content_type": 4, "codename": "change_user"}}, {"model": "auth.permission", "pk": 15, "fields": {"name": "Can delete user", "content_type": 4, "codename": "delete_user"}}, {"model": "auth.permission", "pk": 16, "fields": {"name": "Can view user", "content_type": 4, "codename": "view_user"}}, {"model": "auth.permission", "pk": 17, "fields": {"name": "Can add content type", "content_type": 5, "codename": "add_contenttype"}}, {"model": "auth.permission", "pk": 18, "fields": {"name": "Can change content type", "content_type": 5, "codename": "change_contenttype"}}, {"model": "auth.permission", "pk": 19, "fields": {"name": "Can delete content type", "content_type": 5, "codename": "delete_contenttype"}}, {"model": "auth.permission", "pk": 20, "fields": {"name": "Can view content type", "content_type": 5, "codename": "view_contenttype"}}, {"model": "auth.permission", "pk": 21, "fields": {"name": "Can add session", "content_type": 6, "codename": "add_session"}}, {"model": "auth.permission", "pk": 22, "fields": {"name": "Can change session", "content_type": 6, "codename": "change_session"}}, {"model": "auth.permission", "pk": 23, "fields": {"name": "Can delete session", "content_type": 6, "codename": "delete_session"}}, {"model": "auth.permission", "pk": 24, "fields": {"name": "Can view session", "content_type": 6, "codename": "view_session"}}, {"model": "auth.permission", "pk": 25, "fields": {"name": "Can add pregunta", "content_type": 7, "codename": "add_pregunta"}}, {"model": "auth.permission", "pk": 26, "fields": {"name": "Can change pregunta", "content_type": 7, "codename": "change_pregunta"}}, {"model": "auth.permission", "pk": 27, "fields": {"name": "Can delete pregunta", "content_type": 7, "codename": "delete_pregunta"}}, {"model": "auth.permission", "pk": 28, "fields": {"name": "Can view pregunta", "content_type": 7, "codename": "view_pregunta"}}, {"model": "auth.permission", "pk": 29, "fields": {"name": "Can add seleccionar respuesta", "content_type": 8, "codename": "add_seleccionarrespuesta"}}, {"model": "auth.permission", "pk": 30, "fields": {"name": "Can change seleccionar respuesta", "content_type": 8, "codename": "change_seleccionarrespuesta"}}, {"model": "auth.permission", "pk": 31, "fields": {"name": "Can delete seleccionar respuesta", "content_type": 8, "codename": "delete_seleccionarrespuesta"}}, {"model": "auth.permission", "pk": 32, "fields": {"name": "Can view seleccionar respuesta", "content_type": 8, "codename": "view_seleccionarrespuesta"}}, {"model": "auth.permission", "pk": 33, "fields": {"name": "Can add usuario juego", "content_type": 9, "codename": "add_usuariojuego"}}, {"model": "auth.permission", "pk": 34, "fields": {"name": "Can change usuario juego", "content_type": 9, "codename": "change_usuariojuego"}}, {"model": "auth.permission", "pk": 35, "fields": {"name": "Can delete usuario juego", "content_type": 9, "codename": "delete_usuariojuego"}}, {"model": "auth.permission", "pk": 36, "fields": {"name": "Can view usuario juego", "content_type": 9, "codename": "view_usuariojuego"}}, {"model": "auth.permission", "pk": 37, "fields": {"name": "Can add preguntas respondidas", "content_type": 10, "codename": "add_preguntasrespondidas"}}, {"model": "auth.permission", "pk": 38, "fields": {"name": "Can change preguntas respondidas", "content_type": 10, "codename": "change_preguntasrespondidas"}}, {"model": "auth.permission", "pk": 39, "fields": {"name": "Can delete preguntas respondidas", "content_type": 10, "codename": "delete_preguntasrespondidas"}}, {"model": "auth.permission", "pk": 40, "fields": {"name": "Can view preguntas respondidas", "content_type": 10, "codename": "view_preguntasrespondidas"}}, {"model": "auth.user", "pk": 1, "fields": {"password": "pbkdf2_sha256$180000$4LDwo1rn7LKv$mvLY3QgYv5K2S0xjx3QXHYbtGoERFlKgfjrNF2ATD5Y=", "last_login": "2021-09-03T14:27:39.447Z", "is_superuser": true, "username": "FACU", "first_name": "", "last_name": "", "email": "", "is_staff": true, "is_active": true, "date_joined": "2021-08-28T18:51:49.368Z", "groups": [], "user_permissions": []}}, {"model": "auth.user", "pk": 2, "fields": {"password": "pbkdf2_sha256$180000$E5SgRDFzhGgA$KjmAuXOnhpmsrcZATlHUNlwrtbLQLDMpYTVhhe6raKU=", "last_login": "2021-08-28T18:56:37.616Z", "is_superuser": false, "username": "maurito", "first_name": "mauro", "last_name": "sasda", "email": "afas@gmail.com", "is_staff": false, "is_active": true, "date_joined": "2021-08-28T18:56:24.543Z", "groups": [], "user_permissions": []}}, {"model": "auth.user", "pk": 3, "fields": {"password": "pbkdf2_sha256$180000$1PuJbkRnqfpw$lWvQ7dZR0iMZO4X9mO6Ow4JtFf09ikNnaKy15x/uImE=", "last_login": "2021-08-28T19:29:41.977Z", "is_superuser": false, "username": "karen123", "first_name": "karen", "last_name": "asd", "email": "dfasf@gmail.com", "is_staff": false, "is_active": true, "date_joined": "2021-08-28T19:28:31.679Z", "groups": [], "user_permissions": []}}, {"model": "auth.user", "pk": 4, "fields": {"password": "pbkdf2_sha256$180000$u3TVyGoRKJo8$re1xyZmdT8QuXBqkZFaYD9NBOkVSITAJi/On8URdDM4=", "last_login": "2021-09-03T14:30:39.541Z", "is_superuser": false, "username": "facurg", "first_name": "", "last_name": "", "email": "frodriguezgoren@gmail.com", "is_staff": false, "is_active": true, "date_joined": "2021-09-03T14:26:37.169Z", "groups": [], "user_permissions": []}}, {"model": "auth.user", "pk": 5, "fields": {"password": "pbkdf2_sha256$180000$Ym9Kk9HQF2J3$8TWvqAxI9abXPtjZhGgKuo/I9UYxnWGp5BVSUF8zo9U=", "last_login": "2021-09-03T14:33:06.091Z", "is_superuser": false, "username": "karens", "first_name": "", "last_name": "", "email": "ksegovia@gmail.com", "is_staff": false, "is_active": true, "date_joined": "2021-09-03T14:32:53.861Z", "groups": [], "user_permissions": []}}, {"model": "auth.user", "pk": 6, "fields": {"password": "pbkdf2_sha256$180000$BTblGecJ0Hzk$xoVJhOAAgjhv2p/+HXl4On1UGf7cCvlP8ClB2aIVz1k=", "last_login": "2021-09-03T14:35:53.453Z", "is_superuser": false, "username": "marcosr", "first_name": "", "last_name": "", "email": "marcosrosso@gmail.com", "is_staff": false, "is_active": true, "date_joined": "2021-09-03T14:35:39.860Z", "groups": [], "user_permissions": []}}, {"model": "auth.user", "pk": 7, "fields": {"password": "pbkdf2_sha256$180000$E56DQwt5oVuT$VPbVBfffzTwb8bPvWPs4rEvDdXUc0KwS2syi2byRqEU=", "last_login": "2021-09-03T15:12:01.356Z", "is_superuser": false, "username": "mauror", "first_name": "", "last_name": "", "email": "maurorgz@gmail.com", "is_staff": false, "is_active": true, "date_joined": "2021-09-03T15:11:49.986Z", "groups": [], "user_permissions": []}}, {"model": "Juego.usuariojuego", "pk": 3, "fields": {"usuario": 4, "puntaje_total": "36.00"}}, {"model": "Juego.usuariojuego", "pk": 4, "fields": {"usuario": 1, "puntaje_total": "36.00"}}, {"model": "Juego.usuariojuego", "pk": 5, "fields": {"usuario": 5, "puntaje_total": "48.00"}}, {"model": "Juego.usuariojuego", "pk": 6, "fields": {"usuario": 6, "puntaje_total": "48.00"}}, {"model": "Juego.usuariojuego", "pk": 7, "fields": {"usuario": 7, "puntaje_total": "24.00"}}, {"model": "admin.logentry", "pk": 1, "fields": {"action_time": "2021-08-29T22:31:44.552Z", "user": 1, "content_type": 7, "object_id": "1", "object_repr": "\u00bfCuantos departamentos tiene el chaco?", "action_flag": 1, "change_message": "[{\"added\": {}}, {\"added\": {\"name\": \"seleccionar respuesta\", \"object\": \"12\"}}, {\"added\": {\"name\": \"seleccionar respuesta\", \"object\": \"23\"}}, {\"added\": {\"name\": \"seleccionar respuesta\", \"object\": \"14\"}}]"}}, {"model": "admin.logentry", "pk": 2, "fields": {"action_time": "2021-08-29T22:32:26.958Z", "user": 1, "content_type": 7, "object_id": "2", "object_repr": "\u00bfEn que a\u00f1o se fund\u00f3 el Chaco?", "action_flag": 1, "change_message": "[{\"added\": {}}, {\"added\": {\"name\": \"seleccionar respuesta\", \"object\": \"1950\"}}, {\"added\": {\"name\": \"seleccionar respuesta\", \"object\": \"1960\"}}, {\"added\": {\"name\": \"seleccionar respuesta\", \"object\": \"1945\"}}]"}}, {"model": "admin.logentry", "pk": 3, "fields": {"action_time": "2021-08-29T22:33:19.465Z", "user": 1, "content_type": 7, "object_id": "3", "object_repr": "\u00bfCual es el felino m\u00e1s grande que habita el territorio?", "action_flag": 1, "change_message": "[{\"added\": {}}, {\"added\": {\"name\": \"seleccionar respuesta\", \"object\": \"Yaguarete\"}}, {\"added\": {\"name\": \"seleccionar respuesta\", \"object\": \"Puma\"}}, {\"added\": {\"name\": \"seleccionar respuesta\", \"object\": \"Gato Montes\"}}]"}}, {"model": "admin.logentry", "pk": 4, "fields": {"action_time": "2021-08-29T22:44:40.506Z", "user": 1, "content_type": 10, "object_id": "1", "object_repr": "PreguntasRespondidas object (1)", "action_flag": 1, "change_message": "[{\"added\": {}}]"}}, {"model": "admin.logentry", "pk": 5, "fields": {"action_time": "2021-08-30T02:27:06.757Z", "user": 1, "content_type": 10, "object_id": "4", "object_repr": "PreguntasRespondidas object (4)", "action_flag": 3, "change_message": ""}}, {"model": "admin.logentry", "pk": 6, "fields": {"action_time": "2021-08-30T02:27:06.762Z", "user": 1, "content_type": 10, "object_id": "3", "object_repr": "PreguntasRespondidas object (3)", "action_flag": 3, "change_message": ""}}, {"model": "admin.logentry", "pk": 7, "fields": {"action_time": "2021-08-30T02:27:06.767Z", "user": 1, "content_type": 10, "object_id": "1", "object_repr": "PreguntasRespondidas object (1)", "action_flag": 3, "change_message": ""}}, {"model": "admin.logentry", "pk": 8, "fields": {"action_time": "2021-08-30T02:40:06.227Z", "user": 1, "content_type": 10, "object_id": "7", "object_repr": "PreguntasRespondidas object (7)", "action_flag": 3, "change_message": ""}}, {"model": "admin.logentry", "pk": 9, "fields": {"action_time": "2021-08-30T02:40:06.235Z", "user": 1, "content_type": 10, "object_id": "6", "object_repr": "PreguntasRespondidas object (6)", "action_flag": 3, "change_message": ""}}, {"model": "admin.logentry", "pk": 10, "fields": {"action_time": "2021-08-30T02:40:06.237Z", "user": 1, "content_type": 10, "object_id": "5", "object_repr": "PreguntasRespondidas object (5)", "action_flag": 3, "change_message": ""}}, {"model": "admin.logentry", "pk": 11, "fields": {"action_time": "2021-08-30T02:45:53.710Z", "user": 1, "content_type": 7, "object_id": "3", "object_repr": "\u00bfCual es el felino m\u00e1s grande que habita el territorio?", "action_flag": 2, "change_message": "[]"}}, {"model": "admin.logentry", "pk": 12, "fields": {"action_time": "2021-08-30T02:58:09.345Z", "user": 1, "content_type": 10, "object_id": "10", "object_repr": "PreguntasRespondidas object (10)", "action_flag": 3, "change_message": ""}}, {"model": "admin.logentry", "pk": 13, "fields": {"action_time": "2021-08-30T02:58:09.360Z", "user": 1, "content_type": 10, "object_id": "9", "object_repr": "PreguntasRespondidas object (9)", "action_flag": 3, "change_message": ""}}, {"model": "admin.logentry", "pk": 14, "fields": {"action_time": "2021-08-30T02:58:09.366Z", "user": 1, "content_type": 10, "object_id": "8", "object_repr": "PreguntasRespondidas object (8)", "action_flag": 3, "change_message": ""}}, {"model": "admin.logentry", "pk": 15, "fields": {"action_time": "2021-08-30T03:17:37.089Z", "user": 1, "content_type": 10, "object_id": "13", "object_repr": "PreguntasRespondidas object (13)", "action_flag": 3, "change_message": ""}}, {"model": "admin.logentry", "pk": 16, "fields": {"action_time": "2021-08-30T03:17:37.104Z", "user": 1, "content_type": 10, "object_id": "12", "object_repr": "PreguntasRespondidas object (12)", "action_flag": 3, "change_message": ""}}, {"model": "admin.logentry", "pk": 17, "fields": {"action_time": "2021-08-30T03:17:37.107Z", "user": 1, "content_type": 10, "object_id": "11", "object_repr": "PreguntasRespondidas object (11)", "action_flag": 3, "change_message": ""}}, {"model": "admin.logentry", "pk": 18, "fields": {"action_time": "2021-08-30T03:18:31.417Z", "user": 1, "content_type": 7, "object_id": "3", "object_repr": "\u00bfCual es el felino m\u00e1s grande que habita el territorio?", "action_flag": 2, "change_message": "[{\"changed\": {\"name\": \"seleccionar respuesta\", \"object\": \"Yaguarete\", \"fields\": [\"Respuesta Correcta\"]}}, {\"changed\": {\"name\": \"seleccionar respuesta\", \"object\": \"Puma\", \"fields\": [\"Respuesta Correcta\"]}}]"}}, {"model": "admin.logentry", "pk": 19, "fields": {"action_time": "2021-08-30T12:08:15.805Z", "user": 1, "content_type": 10, "object_id": "16", "object_repr": "PreguntasRespondidas object (16)", "action_flag": 3, "change_message": ""}}, {"model": "admin.logentry", "pk": 20, "fields": {"action_time": "2021-08-30T12:08:15.815Z", "user": 1, "content_type": 10, "object_id": "15", "object_repr": "PreguntasRespondidas object (15)", "action_flag": 3, "change_message": ""}}, {"model": "admin.logentry", "pk": 21, "fields": {"action_time": "2021-08-30T12:08:15.817Z", "user": 1, "content_type": 10, "object_id": "14", "object_repr": "PreguntasRespondidas object (14)", "action_flag": 3, "change_message": ""}}, {"model": "admin.logentry", "pk": 22, "fields": {"action_time": "2021-08-30T12:30:13.848Z", "user": 1, "content_type": 10, "object_id": "19", "object_repr": "PreguntasRespondidas object (19)", "action_flag": 3, "change_message": ""}}, {"model": "admin.logentry", "pk": 23, "fields": {"action_time": "2021-08-30T12:30:13.851Z", "user": 1, "content_type": 10, "object_id": "18", "object_repr": "PreguntasRespondidas object (18)", "action_flag": 3, "change_message": ""}}, {"model": "admin.logentry", "pk": 24, "fields": {"action_time": "2021-08-30T12:30:13.853Z", "user": 1, "content_type": 10, "object_id": "17", "object_repr": "PreguntasRespondidas object (17)", "action_flag": 3, "change_message": ""}}, {"model": "admin.logentry", "pk": 25, "fields": {"action_time": "2021-08-30T12:35:29.291Z", "user": 1, "content_type": 10, "object_id": "22", "object_repr": "PreguntasRespondidas object (22)", "action_flag": 3, "change_message": ""}}, {"model": "admin.logentry", "pk": 26, "fields": {"action_time": "2021-08-30T12:35:29.297Z", "user": 1, "content_type": 10, "object_id": "21", "object_repr": "PreguntasRespondidas object (21)", "action_flag": 3, "change_message": ""}}, {"model": "admin.logentry", "pk": 27, "fields": {"action_time": "2021-08-30T12:35:29.299Z", "user": 1, "content_type": 10, "object_id": "20", "object_repr": "PreguntasRespondidas object (20)", "action_flag": 3, "change_message": ""}}, {"model": "admin.logentry", "pk": 28, "fields": {"action_time": "2021-08-30T12:39:08.409Z", "user": 1, "content_type": 10, "object_id": "25", "object_repr": "PreguntasRespondidas object (25)", "action_flag": 3, "change_message": ""}}, {"model": "admin.logentry", "pk": 29, "fields": {"action_time": "2021-08-30T12:39:08.418Z", "user": 1, "content_type": 10, "object_id": "24", "object_repr": "PreguntasRespondidas object (24)", "action_flag": 3, "change_message": ""}}, {"model": "admin.logentry", "pk": 30, "fields": {"action_time": "2021-08-30T12:39:08.420Z", "user": 1, "content_type": 10, "object_id": "23", "object_repr": "PreguntasRespondidas object (23)", "action_flag": 3, "change_message": ""}}, {"model": "admin.logentry", "pk": 31, "fields": {"action_time": "2021-08-30T12:46:41.683Z", "user": 1, "content_type": 10, "object_id": "28", "object_repr": "PreguntasRespondidas object (28)", "action_flag": 3, "change_message": ""}}, {"model": "admin.logentry", "pk": 32, "fields": {"action_time": "2021-08-30T12:46:41.694Z", "user": 1, "content_type": 10, "object_id": "27", "object_repr": "PreguntasRespondidas object (27)", "action_flag": 3, "change_message": ""}}, {"model": "admin.logentry", "pk": 33, "fields": {"action_time": "2021-08-30T12:46:41.696Z", "user": 1, "content_type": 10, "object_id": "26", "object_repr": "PreguntasRespondidas object (26)", "action_flag": 3, "change_message": ""}}, {"model": "admin.logentry", "pk": 34, "fields": {"action_time": "2021-08-30T13:13:41.571Z", "user": 1, "content_type": 10, "object_id": "31", "object_repr": "PreguntasRespondidas object (31)", "action_flag": 3, "change_message": ""}}, {"model": "admin.logentry", "pk": 35, "fields": {"action_time": "2021-08-30T13:13:41.582Z", "user": 1, "content_type": 10, "object_id": "30", "object_repr": "PreguntasRespondidas object (30)", "action_flag": 3, "change_message": ""}}, {"model": "admin.logentry", "pk": 36, "fields": {"action_time": "2021-08-30T13:13:41.584Z", "user": 1, "content_type": 10, "object_id": "29", "object_repr": "PreguntasRespondidas object (29)", "action_flag": 3, "change_message": ""}}, {"model": "admin.logentry", "pk": 37, "fields": {"action_time": "2021-08-30T13:16:10.778Z", "user": 1, "content_type": 10, "object_id": "32", "object_repr": "PreguntasRespondidas object (32)", "action_flag": 2, "change_message": "[{\"changed\": {\"fields\": [\"Respuesta correcta\", \"Puntos obtenidos\"]}}]"}}, {"model": "admin.logentry", "pk": 38, "fields": {"action_time": "2021-08-30T13:32:38.968Z", "user": 1, "content_type": 10, "object_id": "34", "object_repr": "PreguntasRespondidas object (34)", "action_flag": 3, "change_message": ""}}, {"model": "admin.logentry", "pk": 39, "fields": {"action_time": "2021-08-30T13:32:38.978Z", "user": 1, "content_type": 10, "object_id": "33", "object_repr": "PreguntasRespondidas object (33)", "action_flag": 3, "change_message": ""}}, {"model": "admin.logentry", "pk": 40, "fields": {"action_time": "2021-08-30T13:32:38.980Z", "user": 1, "content_type": 10, "object_id": "32", "object_repr": "PreguntasRespondidas object (32)", "action_flag": 3, "change_message": ""}}, {"model": "admin.logentry", "pk": 41, "fields": {"action_time": "2021-08-30T13:33:06.283Z", "user": 1, "content_type": 10, "object_id": "37", "object_repr": "PreguntasRespondidas object (37)", "action_flag": 3, "change_message": ""}}, {"model": "admin.logentry", "pk": 42, "fields": {"action_time": "2021-08-30T13:33:06.292Z", "user": 1, "content_type": 10, "object_id": "36", "object_repr": "PreguntasRespondidas object (36)", "action_flag": 3, "change_message": ""}}, {"model": "admin.logentry", "pk": 43, "fields": {"action_time": "2021-08-30T13:33:06.294Z", "user": 1, "content_type": 10, "object_id": "35", "object_repr": "PreguntasRespondidas object (35)", "action_flag": 3, "change_message": ""}}, {"model": "admin.logentry", "pk": 44, "fields": {"action_time": "2021-08-30T14:08:22.623Z", "user": 1, "content_type": 10, "object_id": "40", "object_repr": "PreguntasRespondidas object (40)", "action_flag": 3, "change_message": ""}}, {"model": "admin.logentry", "pk": 45, "fields": {"action_time": "2021-08-30T14:08:22.631Z", "user": 1, "content_type": 10, "object_id": "39", "object_repr": "PreguntasRespondidas object (39)", "action_flag": 3, "change_message": ""}}, {"model": "admin.logentry", "pk": 46, "fields": {"action_time": "2021-08-30T14:08:22.633Z", "user": 1, "content_type": 10, "object_id": "38", "object_repr": "PreguntasRespondidas object (38)", "action_flag": 3, "change_message": ""}}, {"model": "admin.logentry", "pk": 47, "fields": {"action_time": "2021-08-30T14:09:51.487Z", "user": 1, "content_type": 10, "object_id": "43", "object_repr": "PreguntasRespondidas object (43)", "action_flag": 3, "change_message": ""}}, {"model": "admin.logentry", "pk": 48, "fields": {"action_time": "2021-08-30T14:09:51.497Z", "user": 1, "content_type": 10, "object_id": "42", "object_repr": "PreguntasRespondidas object (42)", "action_flag": 3, "change_message": ""}}, {"model": "admin.logentry", "pk": 49, "fields": {"action_time": "2021-08-30T14:09:51.499Z", "user": 1, "content_type": 10, "object_id": "41", "object_repr": "PreguntasRespondidas object (41)", "action_flag": 3, "change_message": ""}}, {"model": "admin.logentry", "pk": 50, "fields": {"action_time": "2021-08-30T14:12:57.692Z", "user": 1, "content_type": 10, "object_id": "44", "object_repr": "PreguntasRespondidas object (44)", "action_flag": 3, "change_message": ""}}, {"model": "admin.logentry", "pk": 51, "fields": {"action_time": "2021-08-31T11:50:31.433Z", "user": 1, "content_type": 10, "object_id": "46", "object_repr": "PreguntasRespondidas object (46)", "action_flag": 3, "change_message": ""}}, {"model": "admin.logentry", "pk": 52, "fields": {"action_time": "2021-08-31T11:50:31.438Z", "user": 1, "content_type": 10, "object_id": "45", "object_repr": "PreguntasRespondidas object (45)", "action_flag": 3, "change_message": ""}}, {"model": "admin.logentry", "pk": 53, "fields": {"action_time": "2021-09-02T13:33:27.552Z", "user": 1, "content_type": 10, "object_id": "49", "object_repr": "PreguntasRespondidas object (49)", "action_flag": 3, "change_message": ""}}, {"model": "admin.logentry", "pk": 54, "fields": {"action_time": "2021-09-02T13:33:27.561Z", "user": 1, "content_type": 10, "object_id": "48", "object_repr": "PreguntasRespondidas object (48)", "action_flag": 3, "change_message": ""}}, {"model": "admin.logentry", "pk": 55, "fields": {"action_time": "2021-09-02T13:33:27.563Z", "user": 1, "content_type": 10, "object_id": "47", "object_repr": "PreguntasRespondidas object (47)", "action_flag": 3, "change_message": ""}}, {"model": "admin.logentry", "pk": 56, "fields": {"action_time": "2021-09-02T13:55:46.553Z", "user": 1, "content_type": 10, "object_id": "52", "object_repr": "PreguntasRespondidas object (52)", "action_flag": 3, "change_message": ""}}, {"model": "admin.logentry", "pk": 57, "fields": {"action_time": "2021-09-02T13:55:46.564Z", "user": 1, "content_type": 10, "object_id": "51", "object_repr": "PreguntasRespondidas object (51)", "action_flag": 3, "change_message": ""}}, {"model": "admin.logentry", "pk": 58, "fields": {"action_time": "2021-09-02T13:55:46.566Z", "user": 1, "content_type": 10, "object_id": "50", "object_repr": "PreguntasRespondidas object (50)", "action_flag": 3, "change_message": ""}}, {"model": "admin.logentry", "pk": 59, "fields": {"action_time": "2021-09-02T13:57:30.740Z", "user": 1, "content_type": 10, "object_id": "54", "object_repr": "PreguntasRespondidas object (54)", "action_flag": 3, "change_message": ""}}, {"model": "admin.logentry", "pk": 60, "fields": {"action_time": "2021-09-02T13:57:30.750Z", "user": 1, "content_type": 10, "object_id": "53", "object_repr": "PreguntasRespondidas object (53)", "action_flag": 3, "change_message": ""}}, {"model": "admin.logentry", "pk": 61, "fields": {"action_time": "2021-09-02T14:44:49.558Z", "user": 1, "content_type": 10, "object_id": "57", "object_repr": "PreguntasRespondidas object (57)", "action_flag": 3, "change_message": ""}}, {"model": "admin.logentry", "pk": 62, "fields": {"action_time": "2021-09-02T14:44:49.584Z", "user": 1, "content_type": 10, "object_id": "56", "object_repr": "PreguntasRespondidas object (56)", "action_flag": 3, "change_message": ""}}, {"model": "admin.logentry", "pk": 63, "fields": {"action_time": "2021-09-02T14:44:49.586Z", "user": 1, "content_type": 10, "object_id": "55", "object_repr": "PreguntasRespondidas object (55)", "action_flag": 3, "change_message": ""}}, {"model": "admin.logentry", "pk": 64, "fields": {"action_time": "2021-09-02T15:59:10.308Z", "user": 1, "content_type": 10, "object_id": "60", "object_repr": "PreguntasRespondidas object (60)", "action_flag": 3, "change_message": ""}}, {"model": "admin.logentry", "pk": 65, "fields": {"action_time": "2021-09-02T15:59:10.315Z", "user": 1, "content_type": 10, "object_id": "59", "object_repr": "PreguntasRespondidas object (59)", "action_flag": 3, "change_message": ""}}, {"model": "admin.logentry", "pk": 66, "fields": {"action_time": "2021-09-02T15:59:10.317Z", "user": 1, "content_type": 10, "object_id": "58", "object_repr": "PreguntasRespondidas object (58)", "action_flag": 3, "change_message": ""}}, {"model": "admin.logentry", "pk": 67, "fields": {"action_time": "2021-09-02T16:00:29.840Z", "user": 1, "content_type": 9, "object_id": "1", "object_repr": "UsuarioJuego object (1)", "action_flag": 3, "change_message": ""}}, {"model": "admin.logentry", "pk": 68, "fields": {"action_time": "2021-09-02T23:23:11.827Z", "user": 1, "content_type": 10, "object_id": "64", "object_repr": "PreguntasRespondidas object (64)", "action_flag": 3, "change_message": ""}}, {"model": "admin.logentry", "pk": 69, "fields": {"action_time": "2021-09-02T23:23:11.843Z", "user": 1, "content_type": 10, "object_id": "63", "object_repr": "PreguntasRespondidas object (63)", "action_flag": 3, "change_message": ""}}, {"model": "admin.logentry", "pk": 70, "fields": {"action_time": "2021-09-02T23:23:11.844Z", "user": 1, "content_type": 10, "object_id": "62", "object_repr": "PreguntasRespondidas object (62)", "action_flag": 3, "change_message": ""}}, {"model": "admin.logentry", "pk": 71, "fields": {"action_time": "2021-09-03T13:58:43.421Z", "user": 1, "content_type": 10, "object_id": "67", "object_repr": "PreguntasRespondidas object (67)", "action_flag": 3, "change_message": ""}}, {"model": "admin.logentry", "pk": 72, "fields": {"action_time": "2021-09-03T13:58:43.439Z", "user": 1, "content_type": 10, "object_id": "66", "object_repr": "PreguntasRespondidas object (66)", "action_flag": 3, "change_message": ""}}, {"model": "admin.logentry", "pk": 73, "fields": {"action_time": "2021-09-03T13:58:43.440Z", "user": 1, "content_type": 10, "object_id": "65", "object_repr": "PreguntasRespondidas object (65)", "action_flag": 3, "change_message": ""}}, {"model": "admin.logentry", "pk": 74, "fields": {"action_time": "2021-09-03T13:58:58.030Z", "user": 1, "content_type": 7, "object_id": "3", "object_repr": "\u00bfCual es el felino m\u00e1s grande que habita el territorio?", "action_flag": 3, "change_message": ""}}, {"model": "admin.logentry", "pk": 75, "fields": {"action_time": "2021-09-03T13:58:58.039Z", "user": 1, "content_type": 7, "object_id": "2", "object_repr": "\u00bfEn que a\u00f1o se fund\u00f3 el Chaco?", "action_flag": 3, "change_message": ""}}, {"model": "admin.logentry", "pk": 76, "fields": {"action_time": "2021-09-03T13:58:58.041Z", "user": 1, "content_type": 7, "object_id": "1", "object_repr": "\u00bfCuantos departamentos tiene el chaco?", "action_flag": 3, "change_message": ""}}, {"model": "admin.logentry", "pk": 77, "fields": {"action_time": "2021-09-03T13:59:58.341Z", "user": 1, "content_type": 7, "object_id": "4", "object_repr": "Resistencia es conocida como:", "action_flag": 1, "change_message": "[{\"added\": {}}, {\"added\": {\"name\": \"seleccionar respuesta\", \"object\": \"La ciudad de las esculturas\"}}, {\"added\": {\"name\": \"seleccionar respuesta\", \"object\": \"Ciudad Museo\"}}, {\"added\": {\"name\": \"seleccionar respuesta\", \"object\": \"Ciudad Capital\"}}]"}}, {"model": "admin.logentry", "pk": 78, "fields": {"action_time": "2021-09-03T14:00:32.506Z", "user": 1, "content_type": 7, "object_id": "5", "object_repr": "\u00bfCu\u00e1ntas esculturas hay en Resistencia?", "action_flag": 1, "change_message": "[{\"added\": {}}, {\"added\": {\"name\": \"seleccionar respuesta\", \"object\": \"200\"}}, {\"added\": {\"name\": \"seleccionar respuesta\", \"object\": \"700\"}}, {\"added\": {\"name\": \"seleccionar respuesta\", \"object\": \"600\"}}]"}}, {"model": "admin.logentry", "pk": 79, "fields": {"action_time": "2021-09-03T14:01:10.609Z", "user": 1, "content_type": 7, "object_id": "6", "object_repr": "Campo del Cielo: Patrimonio Cultural y Tur\u00edstico del Chaco, \u00bfD\u00f3nde se ubica?", "action_flag": 1, "change_message": "[{\"added\": {}}, {\"added\": {\"name\": \"seleccionar respuesta\", \"object\": \"Maip\\u00fa\"}}, {\"added\": {\"name\": \"seleccionar respuesta\", \"object\": \"Bermejo\"}}, {\"added\": {\"name\": \"seleccionar respuesta\", \"object\": \"12 de Octubre\"}}]"}}, {"model": "admin.logentry", "pk": 80, "fields": {"action_time": "2021-09-03T14:02:30.260Z", "user": 1, "content_type": 7, "object_id": "7", "object_repr": "Al norte el l\u00edmite natural establecido entre la Provincia de Chaco y Formosa es:", "action_flag": 1, "change_message": "[{\"added\": {}}, {\"added\": {\"name\": \"seleccionar respuesta\", \"object\": \"Pilcomayo\"}}, {\"added\": {\"name\": \"seleccionar respuesta\", \"object\": \"Bermejo\"}}, {\"added\": {\"name\": \"seleccionar respuesta\", \"object\": \"Paran\\u00e1\"}}]"}}, {"model": "admin.logentry", "pk": 81, "fields": {"action_time": "2021-09-03T14:02:59.794Z", "user": 1, "content_type": 7, "object_id": "8", "object_repr": "Al sur, el l\u00edmite establecido entre la Provincia del Chaco y Santa Fe es:", "action_flag": 1, "change_message": "[{\"added\": {}}, {\"added\": {\"name\": \"seleccionar respuesta\", \"object\": \"Paralelo 28\"}}, {\"added\": {\"name\": \"seleccionar respuesta\", \"object\": \"Paralelo 30\"}}, {\"added\": {\"name\": \"seleccionar respuesta\", \"object\": \"Paralelo 29\"}}]"}}, {"model": "admin.logentry", "pk": 82, "fields": {"action_time": "2021-09-03T14:03:38.269Z", "user": 1, "content_type": 7, "object_id": "9", "object_repr": "En el \u00e1mbito automovil\u00edstico deportivo Chaco tiene un exponente a nivel nacional e\r\ninternacional, \u00bfQui\u00e9n es?", "action_flag": 1, "change_message": "[{\"added\": {}}, {\"added\": {\"name\": \"seleccionar respuesta\", \"object\": \"Juan Manuel Silva\"}}, {\"added\": {\"name\": \"seleccionar respuesta\", \"object\": \"Giorgio Carrara\"}}, {\"added\": {\"name\": \"seleccionar respuesta\", \"object\": \"Marcos Siebert\"}}]"}}, {"model": "admin.logentry", "pk": 83, "fields": {"action_time": "2021-09-03T14:04:08.682Z", "user": 1, "content_type": 7, "object_id": "10", "object_repr": "En el \u00e1mbito de los juegos ol\u00edmpicos, el Chaco tiene un medallista en:", "action_flag": 1, "change_message": "[{\"added\": {}}, {\"added\": {\"name\": \"seleccionar respuesta\", \"object\": \"B\\u00e1squet\"}}, {\"added\": {\"name\": \"seleccionar respuesta\", \"object\": \"Futbol\"}}, {\"added\": {\"name\": \"seleccionar respuesta\", \"object\": \"Jockey\"}}]"}}, {"model": "admin.logentry", "pk": 84, "fields": {"action_time": "2021-09-03T14:04:37.006Z", "user": 1, "content_type": 7, "object_id": "11", "object_repr": "Marcela G\u00f3mez, chaque\u00f1a, particip\u00f3 en los Juegos Ol\u00edmpicos de Tokio en:", "action_flag": 1, "change_message": "[{\"added\": {}}, {\"added\": {\"name\": \"seleccionar respuesta\", \"object\": \"Nataci\\u00f3n\"}}, {\"added\": {\"name\": \"seleccionar respuesta\", \"object\": \"Remo\"}}, {\"added\": {\"name\": \"seleccionar respuesta\", \"object\": \"Atletismo\"}}]"}}, {"model": "admin.logentry", "pk": 85, "fields": {"action_time": "2021-09-03T14:05:31.002Z", "user": 1, "content_type": 7, "object_id": "12", "object_repr": "La palabra Chac\u00fa del cual deriva el nombre de nuestra provincia, ten\u00eda un\r\nsignificado \u00bfCu\u00e1l era?", "action_flag": 1, "change_message": "[{\"added\": {}}, {\"added\": {\"name\": \"seleccionar respuesta\", \"object\": \"Caza comunal de animales\"}}, {\"added\": {\"name\": \"seleccionar respuesta\", \"object\": \"Nombre de un arbol que abunda en la regi\\u00f3n\"}}, {\"added\": {\"name\": \"seleccionar respuesta\", \"object\": \"Nombre de un animal\"}}]"}}, {"model": "admin.logentry", "pk": 86, "fields": {"action_time": "2021-09-03T14:06:17.823Z", "user": 1, "content_type": 7, "object_id": "13", "object_repr": "La superficie total de la provincia del Chaco es de:", "action_flag": 1, "change_message": "[{\"added\": {}}, {\"added\": {\"name\": \"seleccionar respuesta\", \"object\": \"99.633 Km\\u00b2\"}}, {\"added\": {\"name\": \"seleccionar respuesta\", \"object\": \"32.565 Km\\u00b2\"}}, {\"added\": {\"name\": \"seleccionar respuesta\", \"object\": \"29.900 Km\\u00b2\"}}]"}}, {"model": "admin.logentry", "pk": 87, "fields": {"action_time": "2021-09-03T14:07:18.821Z", "user": 1, "content_type": 7, "object_id": "14", "object_repr": "Un escritor reconocido en el \u00e1mbito chaque\u00f1o recibi\u00f3 el Premio Pionero de la Letras\r\nChaque\u00f1as, otorgado por la provincia del Chaco y la SADE local en 1985. \u00bfQui\u00e9n fue?", "action_flag": 1, "change_message": "[{\"added\": {}}, {\"added\": {\"name\": \"seleccionar respuesta\", \"object\": \"Tony Zalazar\"}}, {\"added\": {\"name\": \"seleccionar respuesta\", \"object\": \"Aledo Luis Meloni\"}}, {\"added\": {\"name\": \"seleccionar respuesta\", \"object\": \"Tet\\u00e9 Romero\"}}]"}}, {"model": "admin.logentry", "pk": 88, "fields": {"action_time": "2021-09-03T14:09:34.070Z", "user": 1, "content_type": 7, "object_id": "15", "object_repr": "En la bandera del Chaco hay un arado rodeado de 25 estrellas \u00bfQu\u00e9 representan?", "action_flag": 1, "change_message": "[{\"added\": {}}, {\"added\": {\"name\": \"seleccionar respuesta\", \"object\": \"Los departamentos provinciales\"}}, {\"added\": {\"name\": \"seleccionar respuesta\", \"object\": \"Las ciudades principales\"}}, {\"added\": {\"name\": \"seleccionar respuesta\", \"object\": \"Grandes personas que forjaron el Chaco\"}}]"}}, {"model": "admin.logentry", "pk": 89, "fields": {"action_time": "2021-09-03T14:10:14.772Z", "user": 1, "content_type": 7, "object_id": "16", "object_repr": "La producci\u00f3n destacada chaque\u00f1a que perdura en la memoria y porla cual se la\r\nreconoce a la provincia fue:", "action_flag": 1, "change_message": "[{\"added\": {}}, {\"added\": {\"name\": \"seleccionar respuesta\", \"object\": \"Ca\\u00f1a de azucar\"}}, {\"added\": {\"name\": \"seleccionar respuesta\", \"object\": \"Algod\\u00f3n\"}}, {\"added\": {\"name\": \"seleccionar respuesta\", \"object\": \"Tanino\"}}]"}}, {"model": "admin.logentry", "pk": 90, "fields": {"action_time": "2021-09-03T14:10:45.907Z", "user": 1, "content_type": 7, "object_id": "17", "object_repr": "El Puente General Belgrano que une las provincias de Chaco y Corrientes se termin\u00f3\r\nde construir en:", "action_flag": 1, "change_message": "[{\"added\": {}}, {\"added\": {\"name\": \"seleccionar respuesta\", \"object\": \"1973\"}}, {\"added\": {\"name\": \"seleccionar respuesta\", \"object\": \"1974\"}}, {\"added\": {\"name\": \"seleccionar respuesta\", \"object\": \"1976\"}}]"}}, {"model": "admin.logentry", "pk": 91, "fields": {"action_time": "2021-09-03T14:11:25.241Z", "user": 1, "content_type": 7, "object_id": "18", "object_repr": "\u00bfQui\u00e9n fue el primer gobernador de la Provincia del Chaco?", "action_flag": 1, "change_message": "[{\"added\": {}}, {\"added\": {\"name\": \"seleccionar respuesta\", \"object\": \"Felipe Gallardo\"}}, {\"added\": {\"name\": \"seleccionar respuesta\", \"object\": \"Danilo Baroni\"}}, {\"added\": {\"name\": \"seleccionar respuesta\", \"object\": \"Deolindo Bittel\"}}]"}}, {"model": "admin.logentry", "pk": 92, "fields": {"action_time": "2021-09-03T14:12:55.017Z", "user": 1, "content_type": 7, "object_id": "19", "object_repr": "La llegada de los inmigrantes se dio a ra\u00edz", "action_flag": 1, "change_message": "[{\"added\": {}}, {\"added\": {\"name\": \"seleccionar respuesta\", \"object\": \"Ley Avellaneda sancionada en 1876\"}}, {\"added\": {\"name\": \"seleccionar respuesta\", \"object\": \"Ley 28 de Bartolom\\u00e9 Mitre\"}}, {\"added\": {\"name\": \"seleccionar respuesta\", \"object\": \"Ley 576 de 1872\"}}]"}}, {"model": "admin.logentry", "pk": 93, "fields": {"action_time": "2021-09-03T14:14:01.543Z", "user": 1, "content_type": 7, "object_id": "20", "object_repr": "\u00bfCu\u00e1ntas rutas nacionales recorren la provincia?", "action_flag": 1, "change_message": "[{\"added\": {}}, {\"added\": {\"name\": \"seleccionar respuesta\", \"object\": \"5\"}}, {\"added\": {\"name\": \"seleccionar respuesta\", \"object\": \"4\"}}, {\"added\": {\"name\": \"seleccionar respuesta\", \"object\": \"3\"}}]"}}, {"model": "admin.logentry", "pk": 94, "fields": {"action_time": "2021-09-03T14:14:41.621Z", "user": 1, "content_type": 7, "object_id": "21", "object_repr": "\u00bfQu\u00e9 Parques Nacionales existen en el Chaco?", "action_flag": 1, "change_message": "[{\"added\": {}}, {\"added\": {\"name\": \"seleccionar respuesta\", \"object\": \"Parque Nacional Chaco\"}}, {\"added\": {\"name\": \"seleccionar respuesta\", \"object\": \"Parque Nacional El Impenetrable\"}}, {\"added\": {\"name\": \"seleccionar respuesta\", \"object\": \"Parque Nacional Iber\\u00e1\"}}]"}}, {"model": "admin.logentry", "pk": 95, "fields": {"action_time": "2021-09-03T14:15:23.852Z", "user": 1, "content_type": 7, "object_id": "22", "object_repr": "La Fiesta Nacional del Algod\u00f3n se desarrolla en:", "action_flag": 1, "change_message": "[{\"added\": {}}, {\"added\": {\"name\": \"seleccionar respuesta\", \"object\": \"Charata\"}}, {\"added\": {\"name\": \"seleccionar respuesta\", \"object\": \"Gancedo\"}}, {\"added\": {\"name\": \"seleccionar respuesta\", \"object\": \"Presidencia Roque Saenz Pe\\u00f1a\"}}]"}}, {"model": "admin.logentry", "pk": 96, "fields": {"action_time": "2021-09-03T14:17:17.327Z", "user": 1, "content_type": 7, "object_id": "23", "object_repr": "En el municipio de Colonia Ben\u00edtez se encuentra", "action_flag": 1, "change_message": "[{\"added\": {}}, {\"added\": {\"name\": \"seleccionar respuesta\", \"object\": \"Museo Casa y Jardin Schulz\"}}, {\"added\": {\"name\": \"seleccionar respuesta\", \"object\": \"Estaci\\u00f3n Experimental Agropecuaria del INTA\"}}, {\"added\": {\"name\": \"seleccionar respuesta\", \"object\": \"Museo a cielo abierto\"}}]"}}, {"model": "admin.logentry", "pk": 97, "fields": {"action_time": "2021-09-03T14:17:39.384Z", "user": 1, "content_type": 9, "object_id": "2", "object_repr": "UsuarioJuego object (2)", "action_flag": 3, "change_message": ""}}, {"model": "admin.logentry", "pk": 98, "fields": {"action_time": "2021-09-03T14:27:53.998Z", "user": 1, "content_type": 10, "object_id": "68", "object_repr": "PreguntasRespondidas object (68)", "action_flag": 3, "change_message": ""}}, {"model": "admin.logentry", "pk": 99, "fields": {"action_time": "2021-09-03T14:28:39.223Z", "user": 1, "content_type": 7, "object_id": "5", "object_repr": "\u00bfCu\u00e1ntas esculturas hay en Resistencia?", "action_flag": 2, "change_message": "[]"}}]